<?xml version="1.0" encoding="UTF-8"?>
<!DOCTYPE mapper PUBLIC "-//mybatis.org//DTD Mapper 3.0//EN"
	"http://mybatis.org/dtd/mybatis-3-mapper.dtd">

<mapper namespace="com.study.springboot.dao.IClassLikeManagerDao">
	<insert id="doLikeDao">
		insert into classlikemanager values(#{param1}, #{param2}, #{param3})
	</insert>
	<select id="likeCountDao" resultType="int">
		select count(userid) from classlikemanager where classid=#{0}
	</select>
	<select id="likeCheckDao" resultType="int">
		select count(*) from classlikemanager where classid=#{param1} and userid=#{param2}
	</select>
	<delete id="undoLikeDao">
		delete classlikemanager where classid=#{param1} and userid=#{param2}
	</delete>
	<select id="userLikeCountCheckDao" resultType="int">
		select count(classid) from classlikemanager where userid=#{0}
	</select>
	<select id="getLikeClassInfoDao" resultType="com.study.springboot.dto.ClassLikeManagerDto">
		select * from classlikemanager where userid=#{0}
	</select>
</mapper>