<?xml version="1.0" encoding="UTF-8"?>
<!DOCTYPE mapper PUBLIC "-//mybatis.org//DTD Mapper 3.0//EN"
	"http://mybatis.org/dtd/mybatis-3-mapper.dtd">

<mapper namespace="com.study.springboot.dao.IUserDao">
	<insert id="joinDao" parameterType="java.util.HashMap">
		insert into users (userid, userpassword, username, useremail, authority, marketcheck, enabled) 
			values (#{id}, #{pw}, #{name}, #{email}, #{authority}, #{check}, 1)
	</insert>
	<select id="IDcheckDao" resultType="int">
		select count(userid) from users where userid=#{0}
	</select>
	<select id="getUserInfo" resultType="com.study.springboot.dto.UserDto">
		select * from users where userid=#{0}
	</select>
	<update id="modifyUserInfoDao" parameterType="java.util.HashMap">
		update users set txtMobile1=#{txtMobile1}, txtMobile2=#{txtMobile2}, txtMobile3=#{txtMobile3}, email_id=#{email_id}, 
			email_domain=#{email_domain}, usergender=#{usergender}, marketcheck=#{marketcheck} where userid=#{userid}
	</update>
	<select id="pwCheckDao" resultType="string">
		select userpassword from users where userid=#{0}
	</select>
	<update id="profileUpdate" >
		update users set userprofile = #{param2} where userid = #{param1}
	</update>
	<select id="getUserProfileDao" resultType="string">
		select userprofile from users where userid=#{0}
	</select>
</mapper>